title,price_sales,price_origin,company_name
다온샵 신상 15%쿠폰 빅사이즈/데님/슬랙스/반바지 ,"9,900","33,000",다온샵.
달리샵 여름신상 베스트 티셔츠/원피스/팬츠/스커트 ,"9,900","33,000",달리샵1
15%쿠폰/여름빅세일/2장이상구입시 팬티사은품/무배 ,"8,900","22,300",factiomall
김여사봄신상 베스트 베이직 티셔츠/팬츠 균일가 20종 ,"16,050","16,900",김여사샵
16수 오버핏 남성 여성 반팔 무지 티셔츠 빅사이즈 ,"10,900","36,300",로드스타-루키스
15%쿠폰 데이뮤즈 원피스/자켓/가디건/바지/블라우스 ,"9,900","33,000",데이뮤즈
달리샵 여름신상 빅사이즈 베스트 티셔츠/원피스/팬츠 ,"9,900","33,000",달리샵1
15%할인쿠폰 마르조 오나라pick 썸머 페스티벌~ ,"9,900","33,000",제이에프글로벌
EnC 봄여름 블라우스/원피스/팬츠 외 최대25%쿠폰 ,"29,000","96,660",EnC(이앤씨)
단아하고 여성스러운 플라워 자수 블라우스 ,"27,040","29,400",sellerbay1
티탁 15%쿠폰 특가/세트/맨투맨/원피스/롱티셔츠 ,"9,900","33,000",주식회사티탁
여름 오픈특가 블라우스/원피스/티셔츠외 ,"9,900","33,000",able.h
전국민15%쿠폰 여름NEW 빅사이즈/롱원피스/데님/4XL~ ,"17,400","58,000",스웨덴세탁소-
 헬리꽁땡  로즈 원피스 ,"49,800",,롯데홈쇼핑
여름 최신 핫 트렌드 신상템 특가 ,"19,900","66,300",able.h
15%쿠폰/데이데이 여름신상 블라우스/원피스/팬츠 ,"9,900","33,000",dayday-데이데이
패션페스타20% 여성 반팔티셔츠 여자 빅사이즈 티셔츠 ,"7,900",,사라걸스
(색상 검정) 비비안 유발타아즈50D/여성용/숙녀/무지 ,"8,490",,엑스포할인몰
빅사이즈 라운드 골지 티셔츠 니트느낌 오버핏 5XL까지 ,"14,900",,위러쉬
 TAG ME 태그미 플리츠 셋업 3종 세트 ,"38,900","39,900",최우수판매자
15% 쿠폰/데이데이 여름신상 블라우스/티셔츠/원피스 ,"9,900","33,000",dayday-데이데이
드고떼 코튼 100 티블라우스 4종 ,"29,900",,최우수판매자
 Humming 허밍by 현영  린넨 블랜디드 셔츠형 블라우스 3종 ,"49,000",,최우수판매자
오리지날리 라운지웨어 원피스 2종 ,"39,900",,최우수판매자
 런칭가 79000원  크레송CRESSON 21S/S 아트웍 블라우스 2종 ,"59,000",,최우수판매자
드고떼 코튼 100 티블라우스 4종 + 4종 ,"39,900",,최우수판매자
골지 핀턱 노와이어 브라탑 밴딩 브라렛 ,"5,000",,스마일배송
골지 레이스 브라 팬티 세트 ,"10,000",,스마일배송
요가 스포츠 노와이어 브라렛 ,"5,000",,스마일배송
디즈니 아이스 쿨바지 V21 남성/여성/커플/조거팬츠 ,"9,900",,스마일배송
디즈니 쿨 반팔세트 V21 남성/여성/커플/잠옷/홈웨어 ,"14,900",,스마일배송
네모 팬티 사각 심리스 노라인 슬림 누디 자체제작 ,"5,900",,스마일배송
15%쿠폰할인 메이시스 여름 루즈핏 원피스 블라우스 ,"9,900","33,000",메이시스1
수맘 여름 신상입고 15%쿠폰 면 홈웨어 잠옷 세트 ,"5,900","19,600",(수맘)
시크루즈/15%/단하루/티셔츠/박스티/팬츠/빅사이즈 ,"6,900","23,000",시크루즈
런닝 2500원/남자/남성/여자/여성/아동/쿨/조끼/인견 ,"2,900","9,600",한스속옷
엄마옷로즈맘 여름신상60종 인견 5060중년여성의류 ,"12,900","43,000",엄마옷로즈맘
15%쿠폰 반팔티 운동복 티셔츠 롱티 원피스 빅사이즈 ,"9,900","33,000",뷰티플러스1168
15%중복쿠폰/쿨레깅스/쿨팬츠/원피스/7부/빅사이즈4XL ,"6,900","23,000",VIVIDGLAM_
(15%쿠폰)애플힙 쿨링팬츠 빅사이즈 4XL 슬랙스/8부 ,"6,900","22,900",애플힙20
15%쿠폰 루즈델리 여름신상 롱원피스/빅사이즈/루즈핏 ,"12,900","43,000",루즈델리
모노시크/15%/티셔츠/신상/데일리/루즈핏/빅사이즈/ ,"7,900","26,300",monochic01
15%쿠폰가/XXL까지/빅사이즈/하객룩원피스 ,"29,800","99,300",시크라인
15%쿠폰 데이뮤즈 원피스/자켓/가디건/바지/블라우스 ,"9,900","33,000",데이뮤즈
브리치X씨샵인더룸 BEST 15%쿠폰 셔츠/팬츠/가디건 ,"14,600","48,600",브리치-brich
쿠폰15% 원피스/블라우스/여름니트/가디건 빅사이즈 ,"9,900","33,000",메이킹유
심리스 스포츠 브라탑 4종기획세트/노라인팬티 5종 ,"13,500","45,000",이너리즘
모카썸 15%썸머 티셔츠/원피스/1+1/루즈핏 ,"6,900","23,000",모카썸
15%할인쿠폰 마르조 오나라pick 썸머 페스티벌~ ,"9,900","33,000",제이에프글로벌
남성 여성 반팔 순면 무지 티셔츠 오버핏 빅사이즈 ,"3,900","13,000",로드스타-루키스
성진 패션 원피스/팬츠/블라우스 ,"9,900","32,900",성진패션
투투 여름신상 린넨/배기/슬랙스/청바지/반바지 5XL ,"9,900","33,000",투투22
15%쿠폰 걸스데일리 빅사이즈 롱 원피스/티셔츠/팬츠 ,"15,900","53,000",걸스데일리
시원한 아이스 쿨 바지 세트/파자마/원피스 ,"5,900","19,600",모스트맘
티메이 블라우스 티셔츠 맨투맨 ,"9,900","32,900",Dk무역
시크루즈/15%/단하루/롱원피스/SET아이템/빅사이즈 ,"11,900","39,600",시크루즈
캔마트 SUMMER 신상 15%쿠폰할인 티셔츠/팬츠 外 ,"16,500","55,000",스마일배송
빅사이즈 홈쇼핑 린넨블라우스4종/반팔티셔츠/팬츠 ,"19,900","66,000",리베레츠
시크폭스 여름신상/티셔츠/팬츠/1+1/원피스/린넨 ,"13,900","46,300",시크폭스
홈쇼핑 여름신상SALE 블라우스/원피스/티셔츠/팬츠 外 ,"14,900","49,600",건원무역
쉬블림로브 15%쿠폰 균일가 블라우스 셔츠 상하세트 ,"8,900","29,600",쉬블림로브
패션풀 여름신상 베스트/니트/원피스 ,"14,900","49,500",패션풀
다온샵 신상 15%쿠폰 빅사이즈/데님/슬랙스/반바지 ,"9,900","33,000",다온샵.
브리치X바이미쓰리 BEST 15%쿠폰 셔츠/팬츠/원피스 ,"7,900","26,300",브리치-brich
15%쿠폰 여성반팔티 여자티셔츠 빅사이즈여성의류 롱 ,"7,500","25,000",사라걸스
남성/여성 3부~9부 파자마 잠옷바지 커플잠옷 국산 면 ,"6,900","23,000",한스속옷
여성팬티5매/여자/여성/속옷/미디/맥시/위생/삼각/면 ,"6,900","23,000",한스속옷
15%쿠폰/데이데이 여름신상 블라우스/원피스/팬츠 ,"9,900","33,000",dayday-데이데이
이너리즘 심리스 브라탑 라이트 4종세트/노라인팬티 ,"12,500","41,600",이너리즘
썸머패션 15%할인 롱 티셔츠 후드티 반팔티 빅사이즈 ,"6,900","23,000",이프지
티탁 15%쿠폰 특가/세트/맨투맨/원피스/롱티셔츠 ,"9,900","33,000",주식회사티탁
BNX 탱커스 ~70% 미리준비하는 여름신상 ,"24,000","80,000",BNX_TANKUS
트렌드15% 블루레이스 2021 여름신상OPEN ,"15,200","50,600",istockmall_4CUS
A~F컵 브라/노와이어/빅사이즈/브라/여성팬티 ,"3,900","13,000",한스속옷
전국민15%쿠폰 여름NEW 빅사이즈/롱원피스/데님/4XL~ ,"17,400","58,000",스웨덴세탁소-
런닝5매/남성/남자/여성/여자/아동/조끼/반팔/속옷/면 ,"9,900","33,000",한스속옷
쏭스타일15% 신상추가.원피스.빅사이즈.롱티. ,"7,900","26,300",(주)쏭스타일
단비샵/봄신상/원피스/블라우스/자켓/청바지/반바지 ,"9,900","33,000",DANBISHOP1
15%쿠폰/여름빅세일/2장이상구입시 팬티사은품/무배 ,"8,900","22,300",factiomall
브라썸/브라팬티세트 ABCD컵/왕뽕/빅사이즈/여성속옷 ,"10,900","36,300",파란언더웨어
달리샵 여름신상 빅사이즈 베스트 티셔츠/원피스/팬츠 ,"9,900","33,000",달리샵1
15%쿠폰 홈쇼핑 빅사이즈 티 8종세트/남성반팔티/팬츠 ,"29,900","99,000",리베레츠
1+1+1/3장세트/쿨티셔츠/쿨론/여자/남자/무지/반팔티 ,"14,900",,어반티
16수 오버핏 남성 여성 반팔 무지 티셔츠 빅사이즈 ,"10,900","36,300",로드스타-루키스
기능성 사계절 에어로쿨 남성런닝 여성런닝 모음전 ,"2,900",,필인티모
시스터 여름신상 15% 빅사이즈/롱원피스/롱티/세트 ,"6,900","23,000",케이엠컴퍼니01
비너스외 노와이어브라 여자 여성 속옷 세트 브래지어 ,"9,900","33,000",란제리아샵
최대80~여성 반팔 티셔츠 여자 조거 청바지 빅사이즈 ,"13,600",,엘리번스
글램공감/브라1+팬티2/속옷세트/A~D컵/빅사이즈/속옷 ,"10,900","36,300",버블돌2
17%쿠폰 여름 클리어런스 데일리 티셔츠/팬츠 外 ,"8,900","29,600",SOUP
여름신상 여자청바지/와이드/부츠컷/일자/스키니 ,"17,900",,지기젠
5장세트 심리스 노라인 메쉬팬티 여자팬티 여성팬티 쿨 ,"9,500","31,600",이너리즘
DCOVERS/디커버스/반팔티/티셔츠/여성/남자/빅사이즈 ,"7,500",,AM-PM
올리비아로렌 시즌off인기템 티셔츠/팬츠 17% ,"16,900","56,300",올리비아로렌
아놀드파마15% 남녀 블라우스 냉감티 원피스 골프웨어 ,"7,900","26,300",코리타
패션라인 여름블라우스 원피스/자켓/티셔츠/빅사이즈 ,"12,900","43,000",패션라인11
빅사이즈 쿨바지 여름 직업복 밴딩 여자 남성 일 바지 ,"4,900",,YONWOO88
9900원~ 로델리 여름원피스 블라우스 핫팬츠 ,"12,900","36,000",로델리
여름티여성반팔티흰색면티7부티셔츠라운드티흰티반팔 ,"8,900",,미씨룩
 블랙야크  20SS 남성 여름기능성바지 U애슬리팬츠-1 ,"37,730","49,000",롯데백화점2관
